{
  "_format": "hh-sol-cache-2",
  "files": {
    "C:\\Users\\njjd2\\Desktop\\HackIndia - Data Quad\\blockchain-agriculture\\contracts\\AgricultureMarketplace.sol": {
      "lastModificationDate": 1724697553340,
      "contentHash": "66ca884c988b5faacf6caf795d399591",
      "sourceName": "contracts/AgricultureMarketplace.sol",
      "solcConfig": {
        "version": "0.8.24",
        "settings": {
          "evmVersion": "paris",
          "optimizer": {
            "enabled": false,
            "runs": 200
          },
          "outputSelection": {
            "*": {
              "*": [
                "abi",
                "evm.bytecode",
                "evm.deployedBytecode",
                "evm.methodIdentifiers",
                "metadata"
              ],
              "": [
                "ast"
              ]
            }
          }
        }
      },
      "imports": [],
      "versionPragmas": [
        "^0.8.0"
      ],
      "artifacts": [
        "AgricultureMarketplace"
      ]
    },
    "C:\\Users\\njjd2\\Desktop\\HackIndia - Data Quad\\blockchain-agriculture\\contracts\\Lock.sol": {
      "lastModificationDate": 1724695718929,
      "contentHash": "dacf0d5cb5b45dc83086de5bc1c26c2c",
      "sourceName": "contracts/Lock.sol",
      "solcConfig": {
        "version": "0.8.24",
        "settings": {
          "evmVersion": "paris",
          "optimizer": {
            "enabled": false,
            "runs": 200
          },
          "outputSelection": {
            "*": {
              "*": [
                "abi",
                "evm.bytecode",
                "evm.deployedBytecode",
                "evm.methodIdentifiers",
                "metadata"
              ],
              "": [
                "ast"
              ]
            }
          }
        }
      },
      "imports": [],
      "versionPragmas": [
        "^0.8.24"
      ],
      "artifacts": [
        "Lock"
      ]
    }
  }
}
